{
  "title": "BEIT SEMESTER VI",
  "subjects": [
    {
      "file": "computerGraphics.html",
      "title": "[CG] Computer Graphics"
    },
    {
      "file": "ComputerNetwork.html",
      "title": "[CNET] Computer Network"
    },
    {
      "file": "IntelligentSystems.html",
      "title": "[INTS] Intelligent System]"
    },
    {
      "file": "InformationSystem.html",
      "title": "[IS] Information System"
    },
    {
      "file": "OODM.html",
      "title": "[OODM] Object Oriented Design & Modeling"
    }

  ]
}
    