{
  "title": "BEIT SEMESTER V",
  "subjects": [
    {
      "file": "about.html",
      "title": "About"
    },
    {
      "file": "computerGraphics.html",
      "title": "Computer Graphics"
    },
    {
      "file": "sample.html",
      "title": "Sample Page"
    },
    {
      "file": "ComputerNetwork.html",
      "title": "CNET: Computer Network"
    },
    {
      "file": "list.html",
      "title": "Simple List"
    },
    {
      "file": "beitc2.html",
      "title": "Course Sem 2"
    }
  ]
}